{
  "RMSE": 0.8937649141389212,
  "R2": 0.22259171545284018
}